{"loss": 38.87865234375, "val_error": 4.8909912109375, "iteration": 1000, "noise_std": 0.03721562400460243, "_timestamp": 1677584345.7364879, "_runtime": 7.966919898986816, "_step": 9, "_wandb": {"runtime": 7}}