{"loss": 7.579580078125, "val_error": 6.273542881011963, "iteration": 1000, "noise_std": 0.041068993508815765, "_timestamp": 1677500417.7788343, "_runtime": 8.478160381317139, "_step": 9, "_wandb": {"runtime": 8}}