{"loss": 7.579580078125, "val_error": 6.273542404174805, "iteration": 1000, "noise_std": 0.041068993508815765, "_timestamp": 1677500475.174, "_runtime": 8.25100302696228, "_step": 9, "_wandb": {"runtime": 7}}