{"loss": 7.579580078125, "val_error": 6.273542881011963, "iteration": 1000, "noise_std": 0.041068993508815765, "_timestamp": 1677500709.6669095, "_runtime": 7.943052530288696, "_step": 9, "mae": 1.8409662246704102, "rmse": 2.0293047428131104, "crps": 1.2563212867680142, "int_score": 7.126857280731201, "_wandb": {"runtime": 7}}